{"stats":{"minecraft:picked_up":{"minecraft:cocoa_beans":2},"minecraft:custom":{"minecraft:jump":69,"minecraft:time_since_rest":21319,"minecraft:damage_dealt":75,"minecraft:damage_taken":155,"minecraft:crouch_one_cm":14,"minecraft:leave_game":4,"minecraft:play_time":21319,"minecraft:sprint_one_cm":12097,"minecraft:time_since_death":21319,"minecraft:walk_one_cm":4267,"minecraft:sneak_time":18,"minecraft:total_world_time":21319,"minecraft:climb_one_cm":425,"minecraft:drop":1,"minecraft:fall_one_cm":2568,"minecraft:fly_one_cm":68357},"minecraft:mined":{"minecraft:red_mushroom_block":6},"minecraft:dropped":{"minecraft:cocoa_beans":2}},"DataVersion":2975}