{"stats":{"minecraft:picked_up":{"minecraft:clay_ball":4,"minecraft:brown_mushroom":1},"minecraft:custom":{"minecraft:jump":82,"minecraft:time_since_rest":3617,"minecraft:walk_on_water_one_cm":583,"minecraft:leave_game":2,"minecraft:play_time":3617,"minecraft:sprint_one_cm":8217,"minecraft:damage_taken":95,"minecraft:time_since_death":3617,"minecraft:walk_one_cm":2216,"minecraft:sneak_time":190,"minecraft:total_world_time":3617,"minecraft:walk_under_water_one_cm":290,"minecraft:fall_one_cm":2401,"minecraft:fly_one_cm":10426},"minecraft:mined":{"minecraft:clay":1,"minecraft:dark_oak_leaves":1,"minecraft:brown_mushroom_block":3}},"DataVersion":2975}