{
  "minecraft:recipes/misc/brown_dye": {
    "criteria": {
      "has_cocoa_beans": "2024-06-28 21:41:36 +0000"
    },
    "done": true
  },
  "minecraft:recipes/food/cookie": {
    "criteria": {
      "has_cocoa": "2024-06-28 21:41:36 +0000"
    },
    "done": true
  },
  "minecraft:adventure/adventuring_time": {
    "criteria": {
      "minecraft:dark_forest": "2024-06-28 21:17:02 +0000",
      "minecraft:river": "2024-06-28 21:40:33 +0000",
      "minecraft:lush_caves": "2024-06-28 21:43:13 +0000",
      "minecraft:jungle": "2024-06-28 21:23:11 +0000"
    },
    "done": false
  },
  "DataVersion": 2975
}